ADDRESS,CITY,ST,ZIPcode
1111 East McDowell Road,Phoenix,AZ,85006
1010 North Country Club Drive,Mesa,AZ,85201
5555 West Thunderbird Road,Glendale,AZ,85306
1171 West Target Range Road,Nogales,AZ,85621
350 North Wilmot Road,Tucson,AZ,85711
1601 West St Mary's Road,Tucson,AZ,85745
475 South Dobson Road,Chandler,AZ,85224
5880 South Hospital Drive,Globe,AZ,85501
1200 North Beaver Street,Flagstaff,AZ,86001
101 Civic Center Lane,Lake Havasu City,AZ,86403
19829 North 27th Avenue,Phoenix,AZ,85027
3269 Stockton Hill Road,Kingman,AZ,86401
1200 West Mohave Road,Parker,AZ,85344
1501 Williamson Avenue,Winslow,AZ,86047
5777 East Mayo Boulevard,Phoenix,AZ,85054
515 North Mesa Drive,Mesa,AZ,85201
1301 South Crismon Road,Mesa,AZ,85208
1600 20th Avenue,Safford,AZ,85546
901 West Rex Allen Drive,Willcox,AZ,85643
6200 North La Cholla Boulevard,Tucson,AZ,85741
3929 East Bell Road,Phoenix,AZ,85032
9003 East Shea Boulevard,Scottsdale,AZ,85260
300 El Camino Real,Sierra Vista,AZ,85635
1500 South Mill Avenue,Tempe,AZ,85281
5301 East Grant Road,Tucson,AZ,85712
2735 Silver Creek Road,Bullhead City,AZ,86442
2400 South Avenue 'A',Yuma,AZ,85364
1411 East 31st Street,Oakland,CA,94602
2070 Clinton Avenue,Alameda,CA,94501
100 South Raymond Avenue,Alhambra,CA,91801
350 Hawthorne Avenue,Oakland,CA,94609
2450 Ashby Avenue,Berkeley,CA,94705
6655 Alvarado Road,San Diego,CA,92120
3350 West Ball Road,Anaheim,CA,92804
1111 West La Palma Avenue,Anaheim,CA,92801
345 South Halcyon Road,Arroyo Grande,CA,93420
3001 Sillect Avenue,Bakersfield,CA,93308
555 South Seventh Street,Barstow,CA,92311
2170 South Avenue,South Lake Tahoe,CA,96150
41870 Garstin Road,Big Bear Lake,CA,92315
9542 East Artesia Boulevard,Bellflower,CA,90706
309 West Beverly Boulevard,Montebello,CA,90640
3828 Delmas Terrace,Culver City,CA,90232
1401 South Grand Avenue,Los Angeles,CA,90015
2333 Buchanan Street,San Francisco,CA,94115
8700 Beverly Boulevard,Los Angeles,CA,90048
4650 Lincoln Boulevard,Marina Del Rey,CA,90292
1025 North Douty Street,Hanford,CA,93230
5451 Walnut Avenue,Chino,CA,91710
210 West San Bernardino Road,Covina,CA,91723
1115 South Sunset Avenue,West Covina,CA,91790
2701 South Bristol Street,Santa Ana,CA,92704
1401 Bailey Avenue,Needles,CA,92363
1805 Medical Center Drive,San Bernardino,CA,92411
815 Pollard Road,Los Gatos,CA,95032
1720 Termino Avenue,Long Beach,CA,90804
1246 West 155th Street,Gardena,CA,90247
2755 Herndon Avenue,Clovis,CA,93611
2500 Alhambra Avenue,Martinez,CA,94553
800 South Main Street,Corona,CA,92882
1401 Garces Highway,Delano,CA,93215
1150 North Indian Canyon Drive,Palm Springs,CA,92262
16850 Bear Valley Road,Victorville,CA,92395
5000 San Bernardino Street,Montclair,CA,91763
1205 East North Street,Manteca,CA,95336
1441 Florida Avenue,Modesto,CA,95350
2000 Vale Road,San Pablo,CA,94806
1555 Soquel Drive,Santa Cruz,CA,95065
11500 Brookshire Avenue,Downey,CA,90241
4060 East Whittier Boulevard,Los Angeles,CA,90023
150 West Route 66,Glendora,CA,91740
500 First Avenue,Portola,CA,96122
39000 Bob Hope Drive,Rancho Mirage,CA,92270
2500 Grant Road,Mountain View,CA,94040
1415 Ross Avenue,El Centro,CA,92243
825 Delbon Avenue,Turlock,CA,95382
18321 Clark Street,Tarzana,CA,91356
1531 Esplanade,Chico,CA,95926
444 Bruce Street,Yreka,CA,96097
624 East Elder Street,Fallbrook,CA,92028
17100 Euclid Street,Fountain Valley,CA,92708
1911 Johnson Avenue,San Luis Obispo,CA,93401
6125 North Fresno Street,Fresno,CA,93710
12601 Garden Grove Boulevard,Garden Grove,CA,92843
525 North Garfield Avenue,Monterey Park,CA,91754
300 Canal Street,King City,CA,93930
1509 Wilson Terrace,Glendale,CA,91206
1420 South Central Avenue,Glendale,CA,91204
351 South Patterson Avenue,Santa Barbara,CA,93111
2425 Samaritan Drive,San Jose,CA,95124
1225 Wilshire Boulevard,Los Angeles,CA,90017
1701 Santa Anita Avenue,El Monte,CA,91733
450 North Greenfield Avenue,Hanford,CA,93230
1375 University Street,Healdsburg,CA,95448
23845 McBean Parkway,Valencia,CA,91355
One Hoag Drive,Newport Beach,CA,92663
1300 North Vermont Avenue,Los Angeles,CA,90027
17772 Beach Boulevard,Huntington Beach,CA,92647
100 West California Boulevard,Pasadena,CA,91105
16200 Sand Canyon Avenue,Irvine,CA,92618
47-111 Monroe Street,Indio,CA,92201
2540 East Street,Concord,CA,94520
1011 Baldwin Park Boulevard,Baldwin Park,CA,91706
2025 Morse Avenue,Sacramento,CA,95825
4647 Zion Avenue,San Diego,CA,92120
4867 Sunset Boulevard,Los Angeles,CA,90027
9400 East Rosecrans Avenue,Bellflower,CA,90706
10800 Magnolia Avenue,Riverside,CA,92505
1150 Veterans Boulevard,Redwood City,CA,94063
1425 South Main Street,Walnut Creek,CA,94596
441 North Lakeview Avenue,Anaheim,CA,92807
6041 Cadillac Avenue,Los Angeles,CA,90034
9961 Sierra Avenue,Fontana,CA,92335
2200 O'Farrell Street,San Francisco,CA,94115
27400 Hesperian Boulevard,Hayward,CA,94545
401 Bicentennial Way,Santa Rosa,CA,95403
5601 DeSoto Avenue,Woodland Hills,CA,91365
900 Kiely Boulevard,Santa Clara,CA,95051
99 Montecillo Road,San Rafael,CA,94903
13652 Cantara Street,Panorama City,CA,91402
25825 South Vermont Avenue,Harbor City,CA,90710
280 West MacArthur Boulevard,Oakland,CA,94611
6600 Bruceville Road,Sacramento,CA,95823
7300 North Fresno Street,Fresno,CA,93720
400 West Mineral King Blvd,Visalia,CA,93291
7901 Walker Street,La Palma,CA,90623
1200 North State Street,Los Angeles,CA,90033
14445 Olive View Drive,Sylmar,CA,91342
43830 North Tenth Street West,Lancaster,CA,93534
975 South Fairmont Avenue,Lodi,CA,95240
11234 Anderson Street,Loma Linda,CA,92354
508 East Hickory Street,Lompoc,CA,93436
2801 Atlantic Avenue,Long Beach,CA,90806
3751 Katella Avenue,Los Alamitos,CA,90720
215 West Janss Road,Thousand Oaks,CA,91360
1250 East Almond Avenue,Madera,CA,93637
1400 East Church Street,Santa Maria,CA,93454
768 Mountain Ranch Road,San Andreas,CA,95249
1100 Marshall Way,Placerville,CA,95667
1145 West Redondo Beach Blvd,Gardena,CA,90247
1700 Coffee Road,Modesto,CA,95355
700 River Drive,Fort Bragg,CA,95437
570 Willow Road,Menlo Park,CA,94025
2215 Truxtun Avenue,Bakersfield,CA,93301
1650 Creekside Drive,Folsom,CA,95630
301 East 13th Street,Merced,CA,95340
914 Pine Street,Mount Shasta,CA,96067
2175 Rosaline Avenue,Redding,CA,96001
6501 Coyle Avenue,Carmichael,CA,95608
7500 Hospital Drive,Sacramento,CA,95823
300 West Huntington Drive,Arcadia,CA,91007
1783 El Camino Real,Burlingame,CA,94010
14850 Roscoe Boulevard,Panorama City,CA,91402
27300 Iris Avenue,Moreno Valley,CA,92555
29101 Hospital Road,Lake Arrowhead,CA,92352
1441 Constitution Boulevard,Salinas,CA,93906
1200 B Gale Wilson Boulevard,Fairfield,CA,94533
1000 Nut Tree Road,Vacaville,CA,95687
150 Pioneer Lane,Bishop,CA,93514
180 Rowland Way,Novato,CA,94945
350 South Oak Street,Oakdale,CA,95361
2105 Forest Avenue,San Jose,CA,95128
5900 West Olympic Boulevard,Los Angeles,CA,90036
9920 Talbert Avenue,Fountain Valley,CA,92708
531 West College Street,Los Angeles,CA,90012
2776 Pacific Avenue,Long Beach,CA,90806
9449 San Fernando Road,Sun Valley,CA,91352
501 Petaluma Avenue,Sebastopol,CA,95472
2400 East Fourth Street,National City,CA,91950
3865 Jackson Street,Riverside,CA,92503
2900 Eureka Way,Redding,CA,96001
400 North McDowell Boulevard,Petaluma,CA,94954
207 West Legion Road,Brawley,CA,92227
1301 North Rose Drive,Placentia,CA,92870
1065 Bucks Lake Road,Quincy,CA,95971
15615 Pomerado Road,Poway,CA,92064
1798 North Garey Avenue,Pomona,CA,91767
16453 South Colorado Avenue,Paramount,CA,90723
443 South Soto Street,Los Angeles,CA,90033
501 South Buena Vista Street,Burbank,CA,91505
1000 Trancas Street,Napa,CA,94558
350 Terracina Boulevard,Redlands,CA,92373
3300 Renner Drive,Fortuna,CA,95540
225 North Jackson Avenue,San Jose,CA,95116
4445 Magnolia Avenue,Riverside,CA,92501
26520 Cactus Avenue,Moreno Valley,CA,92555
780 Westwood Plaza,Los Angeles,CA,90095
1303 East Herndon Avenue,Fresno,CA,93720
1328 Twenty Second Street,Santa Monica,CA,90404
1350 West Covina Boulevard,San Dimas,CA,91773
438 West Las Tunas Drive,San Gabriel,CA,91776
600 N Highland Springs Avenue,Banning,CA,92220
2615 Chester Avenue,Bakersfield,CA,93301
500 West Hospital Road,French Camp,CA,95231
13855 East 14th Street,San Leandro,CA,94578
222 West 39th Avenue,San Mateo,CA,94403
6001 Norris Canyon Road,San Ramon,CA,94583
Pueblo at Bath Streets,Santa Barbara,CA,93105
751 South Bascom Avenue,San Jose,CA,95128
1250 16th Street,Santa Monica,CA,90404
10666 North Torrey Pines Road,La Jolla,CA,92037
9888 Genesee Avenue,La Jolla,CA,92037
170 Alameda De Las Pulgas,Redwood City,CA,94062
1900 Sullivan Avenue,Daly City,CA,94015
250 Prospect Place,Coronado,CA,92118
3003 Health Center Drive,San Diego,CA,92123
7901 Frost Street,San Diego,CA,92123
155 Glasson Way,Grass Valley,CA,95945
465 West Putnam Avenue,Porterville,CA,93257
1010 Murray Street,San Luis Obispo,CA,93405
2975 North Sycamore Drive,Simi Valley,CA,93065
347 Andrieux Street,Sonoma,CA,95476
1000 Greenley Road,Sonora,CA,95370
2550 Sister Mary Columba Drive,Red Bluff,CA,96080
3630 East Imperial Highway,Lynwood,CA,90262
10 Woodland Road,Saint Helena,CA,94574
2309 Antonio Avenue,Camarillo,CA,93010
1100 West Stewart Drive,Orange,CA,92668
2700 Dolbeer Street,Eureka,CA,95501
1800 North California Street,Stockton,CA,95204
101 East Valencia Mesa Drive,Fullerton,CA,92835
9400 No Name Uno,Gilroy,CA,95020
3555 Cesar Chavez Street,San Francisco,CA,94110
18300 Highway 18,Apple Valley,CA,92307
1050 Linden Avenue,Long Beach,CA,90813
450 Stanyan Street,San Francisco,CA,94117
2131 West Third Street,Los Angeles,CA,90057
300 Pasteur Drive,Palo Alto,CA,94304
200 Mission Boulevard,Jackson,CA,95642
11815 Education Street,Auburn,CA,95602
800 East Washington Boulevard,Crescent City,CA,95531
2000 Sutter Place,Davis,CA,95616
5176 Hill Road East,Lakeport,CA,95453
2900 Chanticleer Avenue,Santa Cruz,CA,95065
5151 'F' Street,Sacramento,CA,95819
One Medical Plaza,Roseville,CA,95661
300 Hospital Drive,Vallejo,CA,94589
10121 Pine Avenue,Truckee,CA,96161
60 Easter Avenue,Weaverville,CA,96093
869 Cherry Street,Tulare,CA,93274
101 Hospital Road,Sonora,CA,95370
500 Parnassus Avenue,San Francisco,CA,94143
275 Hospital Drive,Ukiah,CA,95482
200 West Arbor Drive,San Diego,CA,92103
2315 Stockton Boulevard,Sacramento,CA,95817
445 South Cedar Avenue,Fresno,CA,93702
1500 San Pablo Street,Los Angeles,CA,90033
1441 Eastlake Avenue,Los Angeles,CA,90033
15107 Vanowen Street,Van Nuys,CA,91405
5555 West Las Positas Blvd,Pleasanton,CA,94588
15248 11th Street,Wildomar,CA,92395
14148 East Francisquito Avenue,Baldwin Park,CA,91706
2000 Mowry Avenue,Fremont,CA,94538
75 Nielson Street,Watsonville,CA,95076
7300 Medical Center Drive,Canoga Park,CA,91307
1001 North Tustin Avenue,Santa Ana,CA,92705
1025 South Anaheim Boulevard,Anaheim,CA,92805
1720 Cesar E Chavez Avenue,Los Angeles,CA,90033
9080 Colima Road,Whittier,CA,90605
1325 Cottonwood Street,Woodland,CA,95695
1100 Carson Avenue,La Junta,CO,81050
1000 Lincoln Street,Fort Morgan,CO,80701
2021 North 12th Street,Grand Junction,CO,81501
2400 West Edison Street,Brush,CO,80723
501 Airport Road,Rifle,CO,81650
1000 Rush Drive,Salida,CO,81201
7700 South Broadway Street,Littleton,CO,80122
1950 West Mountain View Avenue,Longmont,CO,80501
2000 Boise Avenue,Loveland,CO,80538
2500 Rocky Mountain Avenue,Loveland,CO,80538
1400 East Boulder Street,Colorado Springs,CO,80909
785 Russell Street,Craig,CO,81625
1010 Three Springs Boulevard,Durango,CO,81301
800 South Third Street,Montrose,CO,81401
410 Benedicta Avenue,Trinidad,CO,81082
1801 16th Street,Greeley,CO,80631
2215 North Cascade Avenue,Colorado Springs,CO,80907
2525 South Downing Street,Denver,CO,80210
1719 East 19th Avenue,Denver,CO,80218
401 Kendall Drive,Lamar,CO,81052
4567 East Ninth Avenue,Denver,CO,80220
106 Blanca Avenue,Alamosa,CO,81101
10101 Ridge Gate Parkway,Lone Tree,CO,80124
373 East Tenth Avenue,Springfield,CO,81073
1311 North Mildred Road,Cortez,CO,81321
1008 Minnequa Avenue,Pueblo,CO,81004
615 Fairhurst Street,Sterling,CO,80751
501 East Hampden Avenue,Englewood,CO,80110
12605 East 16th Avenue,Aurora,CO,80045
1906 Blake Avenue,Glenwood Springs,CO,81601
1017 West 7th Street,Wray,CO,80758
81 Meriden Avenue,Southington,CT,6489
267 Grant Street,Bridgeport,CT,6610
Brewster Road,Bristol,CT,6011
24 Hospital Avenue,Danbury,CT,6810
320 Pomfret Street,Putnam,CT,6260
5 Perryridge Road,Greenwich,CT,6830
130 Division Street,Derby,CT,6418
1450 Chapel Street,New Haven,CT,6511
201 Chestnut Hill Road,Stafford Springs,CT,6076
365 Montauk Avenue,New London,CT,6320
28 Crescent Street,Middletown,CT,6457
300 Seaside Avenue,Milford,CT,6460
100 Grand Street,New Britain,CT,6052
21 Elm Street,New Milford,CT,6776
34 Maple Street,Norwalk,CT,6850
31 Union Street,Vernon Rockville,CT,6066
56 Franklin Street,Waterbury,CT,6706
540 Litchfield Street,Torrington,CT,6790
263 Farmington Avenue,Farmington,CT,6030
64 Robbins Street,Waterbury,CT,6708
326 Washington Street,Norwich,CT,6360
112 Mansfield Avenue,Willimantic,CT,6226
20 York Street,New Haven,CT,6510
1000 West Moreno,Pensacola,FL,32501
8900 North Kendall Drive,Miami,FL,33176
800 Prudential Drive,Jacksonville,FL,32207
14550 St Augustine Road,Jacksonville,FL,32258
615 North Bonita Avenue,Panama City,FL,32401
401 Palmetto Street,New Smyrna Beach,FL,32168
2815 South Seacrest Boulevard,Boynton Beach,FL,33435
800 Meadows Road,Boca Raton,FL,33486
119 Oakfield Drive,Brandon,FL,33511
55 Ponce De Leon Boulevard,Brooksville,FL,34601
701 West Cocoa Beach Causeway,Cocoa Beach,FL,32931
636 Del Prado Boulevard,Cape Coral,FL,33990
2626 Capital Medical Boulevard,Tallahassee,FL,32308
1400 NW 12th Avenue,Miami,FL,33136
1401 West Seminole Boulevard,Sanford,FL,32771
3100 Weston Road,Weston,FL,33331
5637 Marine Parkway,New Port Richey,FL,34652
3100 Douglas Road,Coral Gables,FL,33134
3000 Coral Hills Drive,Coral Springs,FL,33065
5352 Linton Boulevard,Delray Beach,FL,33484
900 North Robert Avenue,Arcadia,FL,34266
5000 University Drive,Coral Gables,FL,33146
5731 Bee Ridge Road,Sarasota,FL,34233
2600 Hospital Drive,Bonifay,FL,32425
333 North Byron Butler Pkwy,Perry,FL,32347
7050 Gall Boulevard,Zephyrhills,FL,33541
2323 Ninth Avenue North,Saint Petersburg,FL,33713
700 Medical Boulevard,Englewood,FL,34223
21298 Olean Boulevard,Port Charlotte,FL,33952
3301 Overseas Highway,Marathon,FL,33050
601 East Rollins Street,Orlando,FL,32803
701 West Plymouth Avenue,De Land,FL,32720
1055 Saxon Boulevard,Orange City,FL,32763
4200 Sun'n Lake Boulevard,Sebring,FL,33872
1000 Waterman Way,Tavares,FL,32778
60 Memorial Medical Parkway,Palm Coast,FL,32164
875 Sterthaus Avenue,Ormond Beach,FL,32174
5000 West Oakland Park Blvd,Fort Lauderdale,FL,33313
1000 Mar-Walt Drive,Fort Walton Beach,FL,32547
1201 South Main Street,Belle Glade,FL,33430
13681 Doctors Way,Fort Myers,FL,33912
449 West 23rd Street,Panama City,FL,32405
12902 Magnolia Drive,Tampa,FL,33612
10000 West Colonial Drive,Ocoee,FL,34761
4413 US Highway 331 South,DeFuniak Springs,FL,32435
40100 Highway 27,Davenport,FL,33837
1395 South Pinellas Avenue,Tarpon Springs,FL,34689
500 West Sugarland Highway,Clewiston,FL,33440
651 East 25th Street,Hialeah,FL,33013
3600 South Highlands Avenue,Sebring,FL,33870
1350 South Hickory Street,Melbourne,FL,32901
6401 North Federal Highway,Fort Lauderdale,FL,33308
1000 36th Street,Vero Beach,FL,32960
1611 NW 12th Avenue,Miami,FL,33136
4250 Hospital Drive,Marianna,FL,32446
9333 SW 152nd Street,Miami,FL,33157
5301 South Congress Avenue,Atlantis,FL,33462
1210 South Old Dixie Highway,Jupiter,FL,33458
11750 Bird Road,Miami,FL,33175
340 NW Commerce Drive,Lake City,FL,32055
1324 Lakeland Hills Blvd,Lakeland,FL,33805
8330 Lakewood Ranch Boulevard,Bradenton,FL,34202
201 14th Street SW,Largo,FL,33770
1700 South 23rd Street,Fort Pierce,FL,34950
2776 Cleveland Avenue,Fort Myers,FL,33901
600 East Dixie Avenue,Leesburg,FL,34748
1500 Lee Boulevard,Lehigh Acres,FL,33936
5900 College Road,Key West,FL,33040
206 Second Street East,Bradenton,FL,34208
3231 McMullen-Booth Road,Safety Harbor,FL,34695
601 Main Street,Dunedin,FL,34698
2901 Swann Avenue,Tampa,FL,33609
7800 Sheridan Street,Pembroke Pines,FL,33024
703 North Flamingo Road,Pembroke Pines,FL,33028
3600 Washington Street,Hollywood,FL,33021
3663 South Miami Avenue,Miami,FL,33133
5959 NW Seventh Street,Miami,FL,33126
300 Pinellas Street,Clearwater,FL,33756
6600 Madison Street,New Port Richey,FL,34652
4300 Alton Road,Miami Beach,FL,33140
1500 SW 1st Avenue,Ocala,FL,34471
350 Seventh Street North,Naples,FL,34102
201 Sample Road,Deerfield Beach,FL,33064
6500 Newberry Road,Gainesville,FL,32605
151 Redstone Avenue SE,Crestview,FL,32539
5757 North Dixie Highway,Fort Lauderdale,FL,33334
1100 NW 95th Street,Miami,FL,33150
6000 49th Street North,Saint Petersburg,FL,33709
1360 Brickyard Road,Chipley,FL,32428
2801 North State Road 7,Margate,FL,33063
11375 Cortez Boulevard,Brooksville,FL,34613
1431 SW First Avenue,Ocala,FL,34474
2001 Kingsley Avenue,Orange Park,FL,32073
1414 Kuhl Avenue,Orlando,FL,32806
555 West State Road 434,Longwood,FL,32750
1425 Malabar Road NE,Melbourne,FL,32907
3360 Burns Road,Palm Beach Gardens,FL,33410
1475 West 49th Street,Hialeah,FL,33012
2001 West 68th Street,Hialeah,FL,33016
1501 Pasadena Avenue South,Saint Petersburg,FL,33707
160 NW 170th Street,North Miami Beach,FL,33169
951 North Washington Avenue,Titusville,FL,32796
13100 Fort King Road,Dade City,FL,33525
2500 Harbor Boulevard,Port Charlotte,FL,33952
6101 Pine Ridge Road,Naples,FL,34119
Highway 20 West,Palatka,FL,32177
1796 Highway 441 North,Okeechobee,FL,34972
7800 Highway 98 West,Destin,FL,32550
1450 Berryhill Road,Milton,FL,32570
1700 South Tamiami Trail,Sarasota,FL,34239
13695 North U S Hwy 1,Sebastian,FL,32958
6201 North Suncoast Boulevard,Crystal River,FL,34428
801 SW Second Avenue,Gainesville,FL,32601
368 NE Franklin Street,Lake City,FL,32055
655 West Eighth Street,Jacksonville,FL,32209
301 North Alexander Street,Plant City,FL,33563
1099 Citrus Tower Boulevard,Clermont,FL,34711
6200 SW 73rd Street,Miami,FL,33143
2727 Winkler Avenue,Fort Myers,FL,33901
10461 Quality Drive,Brooksville,FL,34609
1200 Seventh Avenue North,Saint Petersburg,FL,33705
3001 W Martin Luther King Blvd,Tampa,FL,33607
4201 Belfort Road,Jacksonville,FL,32216
901 45th Street,West Palm Beach,FL,33407
1 Shircliff Way,Jacksonville,FL,32204
2025 Indian Rocks Road,Largo,FL,33774
1451 El Camino Real,The Villages,FL,32159
6001 Webb Road,Tampa,FL,33615
7171 North Dale Mabry Highway,Tampa,FL,33614
1475 NW 12th Avenue,Miami,FL,33136
3100 East Fletcher Avenue,Tampa,FL,33613
7201 North University Drive,Tamarac,FL,33321
540 The Rialto,Venice,FL,34285
10101 Forest Hill Boulevard,West Palm Beach,FL,33414
2500 SW 75th Avenue,Miami,FL,33155
8201 West Broward Boulevard,Plantation,FL,33324
110 Longwood Avenue,Rockledge,FL,32955
1825 Logan Avenue,Waterloo,IA,50703
826 North Eighth Street,Estherville,IA,51334
255 North Welch Avenue,Primghar,IA,51245
1525 West Fifth Street,Storm Lake,IA,50588
1600 Diamond Street,Onawa,IA,51040
1501 East Tenth Street,Atlantic,IA,50022
823 South 17th Street,Clarinda,IA,51632
3421 West Ninth Street,Waterloo,IA,50702
610 10th Street,Perry,IA,50220
507 North Madison Street,Bloomfield,IA,52537
350 North Grandview Avenue,Dubuque,IA,52001
714 Lincoln Street NE,Le Mars,IA,51031
5445 Avenue 'O',Fort Madison,IA,52627
1227 East Rusholme Street,Davenport,IA,52803
210 Fourth Avenue,Grinnell,IA,50112
1202 21st Avenue,Rock Valley,IA,51247
407 South White Street,Mount Pleasant,IA,52641
701 East Second Street,Ida Grove,IA,51445
700 East University Avenue,Des Moines,IA,50316
1200 Pleasant Street,Des Moines,IA,50309
700 West Grove Street,Maquoketa,IA,52060
933 East Pierce Street,Council Bluffs,IA,51503
1600 Morgan Street,Keokuk,IA,52632
1002 South Lincoln Street,Knoxville,IA,50138
1515 South Phillips Street,Algona,IA,50511
Highway 71 South,Spirit Lake,IA,51360
211 Highland Avenue,Sac City,IA,50583
1200 North Seventh Street,Chariton,IA,50049
1229 'C' Avenue East,Oskaloosa,IA,52577
1111 Duff Avenue,Ames,IA,50010
500 East Market Street,Iowa City,IA,52245
250 Mercy Drive,Dubuque,IA,52001
1 St Joseph's Drive,Centerville,IA,52544
1000 Fourth Street SW,Mason City,IA,50401
801 Fifth Street,Sioux City,IA,51101
6580 165th Street,Albia,IA,52531
2301 Eastern Avenue,Red Oak,IA,51566
Ninth Avenue North,Sibley,IA,51249
1001 Pennsylvania Avenue,Ottumwa,IA,52501
606 NW Seventh,Pocahontas,IA,50574
709 West Main Street,Manchester,IA,52057
801 South Greene Street,Rock Rapids,IA,51246
118 North Seventh Avenue,Sheldon,IA,51201
300 Pershing Avenue,Shenandoah,IA,51601
605 South Main Avenue,Sioux Center,IA,51250
204 North Fourth Avenue East,Newton,IA,50208
1200 First Avenue East,Spencer,IA,51301
311 South Clark Street,Carroll,IA,51401
1026 'A' Avenue NE,Cedar Rapids,IA,52402
2720 Stone Park Boulevard,Sioux City,IA,51104
802 Kenyon Road,Fort Dodge,IA,50501
1518 Mulberry Avenue,Muscatine,IA,52761
200 Hawkins Drive,Iowa City,IA,52242
400 East Polk Street,Washington,IA,52353
312 Ninth Street SW,Waverly,IA,50677
417 South East Street,Corydon,IA,50060
901 Montgomery Street,Decorah,IA,52101
1025 New Moody Lane,La Grange,KY,40031
9 Linville Drive,Paris,KY,40361
320 West 18th Street,Hopkinsville,KY,42241
1530 Lone Oak Road,Paducah,KY,42003
310 East Ninth Street,London,KY,40741
1305 North Elm Street,Henderson,KY,42420
803 Poplar Street,Murray,KY,42071
900 Hospital Drive,Madisonville,KY,42431
85 North Grand Avenue,Fort Thomas,KY,41075
530 South Jackson Street,Louisville,KY,40202
"800 Rose Street, N100",Lexington,KY,40536
25 Highland Avenue,Newburyport,MA,1950
2033 Main Street,Athol,MA,1331
85 South Street,Ware,MA,1082
759 Chestnut Street,Springfield,MA,1199
One Boston Medical Ctr Place,Boston,MA,2118
75 Francis Street,Boston,MA,2115
1493 Cambridge Street,Cambridge,MA,2139
27 Park Street,Hyannis,MA,2601
2100 Dorchester Avenue,Dorchester,MA,2124
235 North Pearl Street,Brockton,MA,2301
800 Washington Street,Norwood,MA,2062
736 Cambridge Street,Brighton,MA,2135
201 Highland Street,Clinton,MA,1510
133 Old Rd to Nine Acre Corner,Concord,MA,1742
29 Lewis Avenue,Great Barrington,MA,1230
100 Ter Heun Drive,Falmouth,MA,2540
1153 Centre Street,Boston,MA,2130
60 Hospital Road,Leominster,MA,1453
242 Green Street,Gardner,MA,1440
275 Sandwich Street,Plymouth,MA,2360
One Hospital Road,Oak Bluffs,MA,2557
55 Fruit Street,Boston,MA,2114
271 Carew Street,Springfield,MA,1104
140 Lincoln Avenue,Haverhill,MA,1830
115 Lincoln Street,Framingham,MA,1702
14 Prospect Street,Milford,MA,1757
92 Highland Street,Milton,MA,2186
88 Washington Street,Taunton,MA,2780
330 Mount Auburn Street,Cambridge,MA,2138
57 Prospect Street,Nantucket,MA,2554
71 Hospital Avenue,North Adams,MA,1247
81 Highland Avenue,Salem,MA,1970
114 Whitwell Street,Quincy,MA,2169
795 Middle Street,Fall River,MA,2721
123 Summer Street,Worcester,MA,1608
One Hospital Drive,Lowell,MA,1852
680 Centre Street,Brockton,MA,2302
55 Fogg Road,South Weymouth,MA,2190
363 Highland Avenue,Fall River,MA,2720
211 Park Street,Attleboro,MA,2703
157 Union Street,Marlborough,MA,1752
41 Highland Avenue,Winchester,MA,1890
40 Wright Street,Palmer,MA,1069
2001 Medical Parkway,Annapolis,MD,21401
301 Hospital Drive,Glen Burnie,MD,21061
100 Hospital Road,Prince Frederick,MD,20678
200 Memorial Avenue,Westminster,MD,21157
100 Brown Street,Chestertown,MD,21620
5 Garrett Avenue,La Plata,MD,20646
300 Byrn Street,Cambridge,MD,21613
9000 Franklin Square Drive,Baltimore,MD,21237
400 West Seventh Street,Frederick,MD,21701
5601 Loch Raven Boulevard,Baltimore,MD,21239
6701 North Charles Street,Baltimore,MD,21204
3001 South Hanover Street,Baltimore,MD,21225
501 South Union Avenue,Havre De Grace,MD,21078
5755 Cedar Lane,Columbia,MD,21044
4940 Eastern Avenue,Baltimore,MD,21224
7300 Van Dusen Road,Laurel,MD,20707
827 Linden Avenue,Baltimore,MD,21201
201 Hall Highway,Crisfield,MD,21817
5401 Old Court Road,Randallstown,MD,21133
100 East Carroll Street,Salisbury,MD,21801
2401 West Belvedere Avenue,Baltimore,MD,21215
7503 Surratts Road,Clinton,MD,20735
900 Caton Avenue,Baltimore,MD,21229
7601 Osler Drive,Towson,MD,21204
8600 Old Georgetown Road,Bethesda,MD,20814
106 Bow Street,Elkton,MD,21921
201 East University Parkway,Baltimore,MD,21218
500 Upper Chesapeake Drive,Bel Air,MD,21014
7600 Carroll Avenue,Takoma Park,MD,20912
251 East Antietam Street,Hagerstown,MD,21740
620 East Monroe Street,Mexico,MO,65265
1 Barnes-Jewish Hosp Plaza,Saint Louis,MO,63110
10 Hospital Drive,Saint Peters,MO,63376
12634 Olive Boulevard,Saint Louis,MO,63141
615 West Nursery Street,Butler,MO,64730
1600 East Broadway,Columbia,MO,65201
10 South Hospital Drive,Fulton,MO,65251
1401 South Park Street,El Dorado Springs,MO,64744
1500 North Oakland Avenue,Bolivar,MO,65613
404 Keene Street,Columbia,MO,65201
801 Lincoln Avenue,Monett,MO,65708
2345 Dougherty Ferry Road,Saint Louis,MO,63122
2828 North National,Springfield,MO,65803
6150 Oakland Avenue,Saint Louis,MO,63139
1102 West 32nd Street,Joplin,MO,64804
5325 Faraon Street,Saint Joseph,MO,64506
Highway 61 South,Crystal City,MO,63019
1500 State Street,Lexington,MO,64067
54 Hospital Drive,Osage Beach,MO,65065
627 West Centennial Avenue,Carthage,MO,64836
1212 Weber Road,Farmington,MO,63640
751 Sappington Bridge Road,Sullivan,MO,63080
3015 North Ballas Road,Town and Country,MO,63131
1008 North Main Street,Sikeston,MO,63801
1200 North One Mile Road,Dexter,MO,63841
1515 Union Avenue,Moberly,MO,65270
800 South Ash Street,Nevada,MO,64772
2800 Clay Edwards Drive,North Kansas City,MO,64116
315 South Osteopathy,Kirksville,MO,63501
705 North College Street,Albany,MO,64402
1100 Kentucky Avenue,West Plains,MO,65775
1101 West Liberty Street,Farmington,MO,63640
Highway 61 and Reed,Hayti,MO,63851
1000 West Tenth Street,Rolla,MO,65401
2620 North Westwood Boulevard,Poplar Bluff,MO,63901
Two Progress Point,Saint Charles,MO,63368
904 Wollard Boulevard,Richmond,MO,64085
2316 East Meyer Boulevard,Kansas City,MO,64132
3635 Vista at Grand Boulevard,Saint Louis,MO,63110
4323 Wornall Road,Kansas City,MO,64111
4401 Wornall Road,Kansas City,MO,64111
5830 NW Barry Road,Kansas City,MO,64154
1205 North Missouri Street,Macon,MO,63552
251 Skaggs Road,Branson,MO,65616
1701 Lacey Street,Cape Girardeau,MO,63701
12303 DePaul Drive,Bridgeton,MO,63044
300 First Capitol Drive,Saint Charles,MO,63301
100 Medical Plaza,Lake Saint Louis,MO,63367
6420 Clayton Road,Saint Louis,MO,63117
3933 South Broadway,Saint Louis,MO,63118
10010 Kennerly Road,Saint Louis,MO,63128
1235 East Cherokee Street,Springfield,MO,65804
901 East Fifth Street,Washington,MO,63090
2727 McClelland Boulevard,Joplin,MO,64804
232 South Woods Mill Road,Chesterfield,MO,63017
100 St Marys Medical Plaza,Jefferson City,MO,65101
201 West R D Mize Road,Blue Springs,MO,64014
800 Ste Genevieve Drive,Ste Genevieve,MO,63670
2301 Holmes Street,Kansas City,MO,64108
1301 First Street,Kennett,MO,63857
One Hospital Drive,Columbia,MO,65212
403 Burkarth Road,Warrensburg,MO,64093
701 East First Street,Trenton,MO,64683
1240 Huffman Mill Road,Burlington,NC,27216
321 Mulberry Street SW,Lenoir,NC,28645
2001 Vail Avenue,Charlotte,NC,28207
920 Church Street North,Concord,NC,28025
8800 North Tryon Street,Charlotte,NC,28262
1000 Blythe Boulevard,Charlotte,NC,28203
1135 Carthage Street,Sanford,NC,27330
211 Virginia Road,Edenton,NC,27932
201 East Grover Street,Shelby,NC,28150
500 Jefferson Street,Whiteville,NC,28472
2000 Neuse Boulevard,New Bern,NC,28560
3643 North Roxboro Road,Durham,NC,27704
155 Memorial Drive,Pinehurst,NC,28374
420 North Center Street,Hickory,NC,28601
250 Smith Church Road,Roanoke Rapids,NC,27870
262 Leroy George Drive,Clyde,NC,28721
601 North Elm Street,High Point,NC,27262
924 North Howe Street,Southport,NC,28461
706 West King Street,Kings Mountain,NC,28086
310 South McCaskey Road,Williamston,NC,27892
1950 South Hawthorne Road,Winston-Salem,NC,27103
2131 South 17th Street,Wilmington,NC,28401
Medical Center Boulevard,Winston-Salem,NC,27157
615 Ridge Road,Roxboro,NC,27573
10030 Gilead Road,Huntersville,NC,28078
1500 Matthews Township Pkwy,Matthews,NC,28105
612 Mocksville Avenue,Salisbury,NC,28144
300 West 27th Street,Lumberton,NC,28358
301 Yadkin Street,Albemarle,NC,28001
207 Old Lexington Road,Thomasville,NC,27360
101 Manning Drive,Chapel Hill,NC,27514
720 Malcolm Boulevard,Valdese,NC,28690
1900 Kildaire Farm Road,Cary,NC,27511
2700 Wayne Memorial Drive,Goldsboro,NC,27534
1370 West 'D' Street,North Wilkesboro,NC,28659
125 Mascoma Street,Lebanon,NH,3766
100 McGregor Street,Manchester,NH,3102
250 Pleasant Street,Concord,NH,3301
Swiftwater Road,Woodsville,NH,3785
One Medical Center Drive,Lebanon,NH,3756
One Elliot Way,Manchester,NH,3103
5 Alumni Drive,Exeter,NH,3833
15 Aiken Avenue,Franklin,NH,3235
11 Whitehall Road,Rochester,NH,3867
80 Highland Street,Laconia,NH,3246
600 Saint Johnsbury Road,Littleton,NH,3561
3073 White Mountain Highway,North Conway,NH,3860
452 Old Street Road,Peterborough,NH,3458
One Parkland Drive,Derry,NH,3038
333 Borthwick Avenue,Portsmouth,NH,3801
8 Prospect Street,Nashua,NH,3060
16 Hospital Road,Plymouth,NH,3264
172 Kinsley Street,Nashua,NH,3060
243 Elm Street,Claremont,NH,3743
173 Middle Street,Lancaster,NH,3584
789 Central Avenue,Dover,NH,3820
1925 Pacific Avenue,Atlantic City,NJ,8401
680 Broadway,Paterson,NJ,7514
29 East 29th Street,Bayonne,NJ,7002
727 North Beers Street,Holmdel,NJ,7733
750 Brunswick Avenue,Trenton,NJ,8638
446 Bellevue Avenue,Trenton,NJ,8618
901 West Main Street,Freehold,NJ,7728
97 West Parkway,Pompton Plains,NJ,7444
One Clara Maass Drive,Belleville,NJ,7109
495 North 13th Street,Newark,NJ,7107
One Cooper Plaza,Camden,NJ,8103
350 Engle Street,Englewood,NJ,7631
30 Prospect Avenue,Hackensack,NJ,7601
651 Willow Grove Street,Hackettstown,NJ,7840
308 Willow Avenue,Hoboken,NJ,7030
2100 Wescott Drive,Flemington,NJ,8822
832 Chancellor Avenue,Irvington,NJ,7111
65 James Street,Edison,NJ,8818
2201 Chapel Avenue West,Cherry Hill,NJ,8002
600 River Avenue,Lakewood,NJ,8701
400 West Blackwell Street,Dover,NJ,7801
1825 John F Kennedy Boulevard,Jersey City,NJ,7305
55 Meadowland Parkway,Secaucus,NJ,7094
218-A Sunset Road,Willingboro,NJ,8046
310 Woodstown Road,Salem,NJ,8079
300 Second Avenue,Long Branch,NJ,7740
100 Madison Avenue,Morristown,NJ,7962
201 Lyons Avenue,Newark,NJ,7112
175 High Street,Newton,NJ,7860
425 Jack Martin Boulevard,Brick Township,NJ,8724
1600 Haddon Avenue,Camden,NJ,8103
99 Beauvoir Avenue,Summit,NJ,7902
7600 River Road,North Bergen,NJ,7047
250 Old Hook Road,Westwood,NJ,7675
70 Parker Avenue,Passaic,NJ,7055
1 Riverview Plaza,Red Bank,NJ,7701
865 Stone Street,Rahway,NJ,7065
One Hamilton Health Place,Hamilton,NJ,8690
111 Central Avenue,Newark,NJ,7102
254 Easton Avenue,New Brunswick,NJ,8901
1 East New York Avenue,Somers Point,NJ,8244
110 Rehill Avenue,Somerville,NJ,8876
1505 West Sherman Avenue,Vineland,NJ,8360
1140 Route 72 West,Manahawkin,NJ,8050
601 Hamilton Avenue,Trenton,NJ,8629
703 Main Street,Paterson,NJ,7503
224 Hamburg Turnpike,Wayne,NJ,7470
350 Boulevard,Passaic,NJ,7055
225 Williamson Street,Elizabeth,NJ,7202
509 North Broad Street,Woodbury,NJ,8096
1000 Galloping Hill Road,Union,NJ,7083
253 Witherspoon Street,Princeton,NJ,8540
223 North Van Dien Avenue,Ridgewood,NJ,7450
90 Brick Road,Marlton,NJ,8053
101 Carnie Boulevard,Voorhees,NJ,8043
185 Roseberry Street,Phillipsburg,NJ,8865
600 South White Horse Pike,Hammonton,NJ,8037
801 East Williams Avenue,Fallon,NV,89406
2075 East Flamingo Road,Las Vegas,NV,89119
1409 East Lake Mead Boulevard,North Las Vegas,NV,89030
10101 Double 'R' Boulevard,Reno,NV,89521
102 East Lake Mead Parkway,Henderson,NV,89015
3001 St Rose Parkway,Henderson,NV,89052
2233 State Route 86,Saranac Lake,NY,12983
43 New Scotland Avenue,Albany,NY,12208
600 Northern Boulevard,Albany,NY,12204
510 South Fourth Street,Fulton,NY,13069
133 Park Street,Malone,NY,12953
17 Lansing Street,Auburn,NY,13021
1 Norton Avenue,Oneonta,NY,13820
462 First Avenue,New York,NY,10016
2210 Troy Road,Schenectady,NY,12309
105 Marys Avenue,Kingston,NY,12401
224 East Main Street,Springville,NY,14141
First Avenue and 16th Street,New York,NY,10003
160 East Main Street,Port Jervis,NY,12771
Linden Blvd at Brookdale Plaza,Brooklyn,NY,11212
101 Hospital Road,Patchogue,NY,11772
121 DeKalb Avenue,Brooklyn,NY,11201
529 Central Avenue,Dunkirk,NY,14048
227 East 19th Street,New York,NY,10003
50 Leroy Street,Potsdam,NY,13676
1001 West Street,Carthage,NY,13619
68 Harris Bushville Road,Harris,NY,12742
101 Dates Drive,Ithaca,NY,14850
179 North Broad Street,Norwich,NY,13815
214 King Street,Ogdensburg,NY,13669
178 Grandview Drive,Cobleskill,NY,12043
128 Ashford Avenue,Dobbs Ferry,NY,10522
150 Broad Street,Hamilton,NY,13346
4900 Broad Road,Syracuse,NY,13215
2601 Ocean Parkway,Brooklyn,NY,11235
176 Denison Parkway East,Corning,NY,14830
134 Homer Avenue,Cortland,NY,13045
462 Grider Street,Buffalo,NY,14215
1676 Sunset Avenue,Utica,NY,13502
45th Ave at Parsons Boulevard,Flushing,NY,11355
900 Franklin Avenue,Valley Stream,NY,11580
196 North Street,Geneva,NY,14456
101 St Andrews Lane,Glen Cove,NY,11542
100 Park Street,Glens Falls,NY,12801
1000 South Avenue,Rochester,NY,14620
1980 Crompond Road,Cortlandt Manor,NY,10567
270 Park Avenue,Huntington,NY,11743
2600 William Street,Newfane,NY,14108
1545 Atlantic Avenue,Brooklyn,NY,11213
7571 State Route 54,Bath,NY,14810
1400 Pelham Parkway,Bronx,NY,10461
75 North Country Road,Port Jefferson,NY,11777
191 North Main Street,Wellsville,NY,14895
100 High Street,Buffalo,NY,14203
2950 Elmwood Avenue,Kenmore,NY,14217
451 Clarkson Avenue,Brooklyn,NY,11203
585 Schenectady Avenue,Brooklyn,NY,11203
396 Broadway,Kingston,NY,12401
156 West Avenue,Brockport,NY,14420
55 Palmer Avenue,Bronxville,NY,10708
100 East 77th Street,New York,NY,10021
7785 North State Street,Lowville,NY,13367
140 Burwell Street,Little Falls,NY,13365
521 East Avenue,Lockport,NY,14094
455 East Bay Drive,Long Beach,NY,11561
339 Hicks Street,Brooklyn,NY,11201
270-05 76th Avenue,New Hyde Park,NY,11040
150 55th Street,Brooklyn,NY,11220
4802 Tenth Avenue,Brooklyn,NY,11219
88-25 153rd Street,Jamaica,NY,11432
One Hospital Drive,Massena,NY,13662
1275 York Avenue,New York,NY,10021
565 Abbott Road,Buffalo,NY,14220
1000 North Village Avenue,Rockville Centre,NY,11570
1901 First Avenue,New York,NY,10029
111 East 210th Street,Bronx,NY,10467
One Gustave L Levy Place,New York,NY,10029
25-10 30th Avenue,Long Island City,NY,11102
5300 Military Road,Lewiston,NY,14092
12 North Seventh Avenue,Mount Vernon,NY,10550
2201 Hempstead Turnpike,East Meadow,NY,11554
99 East State Street,Gloversville,NY,12078
4295 Hempstead Turnpike,Bethpage,NY,11714
310 East 14th Street,New York,NY,10003
56-45 Main Street,Flushing,NY,11355
506 Sixth Street,Brooklyn,NY,11215
550 First Avenue,New York,NY,10016
3424 Kossuth Avenue,Bronx,NY,10467
102-01 66th Road,Flushing,NY,11375
221 Jericho Turnpike,Syosset,NY,11791
888 Old Country Road,Plainview,NY,11803
300 Community Drive,Manhasset,NY,11030
6511 Springbrook Avenue,Rhinebeck,NY,12572
400 East Main Street,Mount Kisco,NY,10549
2475 St Raymond Avenue,Bronx,NY,10461
515 Main Street,Olean,NY,14760
321 Genesee Street,Oneida,NY,13421
60 Prospect Avenue,Middletown,NY,10940
169 Riverside Drive,Binghamton,NY,13905
600 East 233rd Street,Bronx,NY,10466
70-35 113th Street,Forest Hills,NY,11375
1300 Roanoke Avenue,Riverhead,NY,11901
51-15 Beach Channel Drive,Far Rockaway,NY,11691
701 North Broadway,Sleepy Hollow,NY,10591
670 Stoneleigh Avenue,Carmel,NY,10512
82-68 164th Street,Jamaica,NY,11432
355 Bard Avenue,Staten Island,NY,10310
1425 Portland Avenue,Rochester,NY,14621
241 North Road,Poughkeepsie,NY,12601
170 West 12th Street,New York,NY,10011
2215 Burdett Avenue,Troy,NY,12180
830 Washington Street,Watertown,NY,13601
211 Church Street,Saratoga Springs,NY,12866
220 Steuben Street,Montour Falls,NY,14865
2157 Main Street,Buffalo,NY,14214
418 North Main Street,Penn Yan,NY,14527
16 Guion Place,New Rochelle,NY,10801
One Healthy Way,Oceanside,NY,11572
240 Meeting House Lane,Southampton,NY,11968
301 East Main Street,Bay Shore,NY,11706
15 Maple Avenue,Warwick,NY,10990
183rd Street & Third Avenue,Bronx,NY,10457
200 Belle Terre Road,Port Jefferson,NY,11777
2209 Genesee Street,Utica,NY,13501
100 Port Washington Boulevard,Roslyn,NY,11576
327 Beach 19th Street,Far Rockaway,NY,11691
967 North Broadway,Yonkers,NY,10701
2605 Harlem Road,Cheektowaga,NY,14225
555 East Market Street,Elmira,NY,14902
301 Prospect Avenue,Syracuse,NY,13203
127 South Broadway,Yonkers,NY,10701
70 Dubois Street,Newburgh,NY,12550
1300 Massachusetts Avenue,Troy,NY,12180
427 Guy Park Avenue,Amsterdam,NY,12010
475 Seaview Avenue,Staten Island,NY,10305
State University of New York,Stony Brook,NY,11794
350 Parrish Street,Canandaigua,NY,14424
10-42 Mitchell Avenue,Binghamton,NY,13903
127 North Street,Batavia,NY,14020
750 East Adams Street,Syracuse,NY,13210
45 Reade Place,Poughkeepsie,NY,12601
9036 Seventh Avenue,Brooklyn,NY,11228
Valhalla Campus,Valhalla,NY,10595
Davis Avenue and Post Road,White Plains,NY,10601
259 First Street,Mineola,NY,11501
207 Foote Avenue,Jamestown,NY,14702
219 Bryant Street,Buffalo,NY,14222
760 Broadway Street,Brooklyn,NY,11206
374 Stockholm Street,Brooklyn,NY,11237
400 North Main Street,Warsaw,NY,14569
1253 North Canal Boulevard,Redmond,OR,97756
900 Sunset Drive,La Grande,OR,97850
700 South 'J' Street,Lakeview,OR,97630
1700 East 19th Street,The Dalles,OR,97058
3181 SW Sam Jackson Park Road,Portland,OR,97201
1201 NE Elm Street,Prineville,OR,97754
1111 Crater Lake Avenue,Medford,OR,97504
10150 SE 32nd Avenue,Milwaukie,OR,97222
1255 Hilyard Street,Eugene,OR,97401
525 North Santiam Highway,Lebanon,OR,97355
2500 NE Neff Road,Bend,OR,97701
500 SW Ramsey Avenue,Grants Pass,OR,97527
525 SE Washington Street,Dallas,OR,97338
2700 SE Stratus Avenue,McMinnville,OR,97128
100 Medical Campus Drive,Lansdale,PA,19446
1200 Old York Road,Abington,PA,19001
1301 Carlisle Street,Natrona Heights,PA,15065
620 Howard Avenue,Altoona,PA,16601
130 South Bryn Mawr Avenue,Bryn Mawr,PA,19010
1800 Mulberry Street,Scranton,PA,18510
612 West Smith Street,Corry,PA,16407
501 North Lansdowne Avenue,Drexel Hill,PA,19026
One Hospital Drive,Lewisburg,PA,17837
508 South Church Street,Mount Pleasant,PA,15666
532 West Pittsburgh Street,Greensburg,PA,15601
1000 East Mountain Drive,Wilkes-Barre,PA,18711
1225 Warm Springs Avenue,Huntingdon,PA,16652
7600 Central Avenue,Philadelphia,PA,19111
4372 Route 6,Kane,PA,16735
300 Halket Street,Pittsburgh,PA,15213
325 South Belmont Street,York,PA,17403
5515 Peach Street,Erie,PA,16509
1301 Powell Street,Norristown,PA,19401
215 East Water Street,Muncy,PA,17756
105 Nason Drive,Roaring Spring,PA,16673
1524 West Girard Avenue,Philadelphia,PA,19130
206 East Brown Street,East Stroudsburg,PA,18301
880 State Road 6 West,Tunkhannock,PA,18657
1500 Fifth Avenue,McKeesport,PA,15132
100 Fairfield Drive,Seneca,PA,16346
200 Lothrop Street,Pittsburgh,PA,15213
2000 Mary Street,Pittsburgh,PA,15203
501 East Main Street,Waynesboro,PA,17268
600 Somerset Avenue,Windber,PA,15963
1001 South George Street,York,PA,17405
115 Cass Avenue,Woonsocket,RI,2895
11 Friendship Street,Newport,RI,2840
825 Chalkstone Avenue,Providence,RI,2908
100 Kenyon Avenue,Wakefield,RI,2879
200 High Service Avenue,North Providence,RI,2904
25 Wells Street,Westerly,RI,2891
101 Dudley Street,Providence,RI,2905
9660 South 1300 East,Sandy,UT,84094
150 West 100 North,Vernal,UT,84078
440 West 600 North,Tremonton,UT,84337
950 South Medical Drive,Brigham City,UT,84302
300 North Hospital Drive,Price,UT,84501
544 South 400 East,Saint George,UT,84770
5121 South Cottonwood Street,Murray,UT,84157
3580 West 9000 South,West Jordan,UT,84088
Eighth Avenue and 'C' Street,Salt Lake City,UT,84143
3460 South Pioneer Parkway,West Valley City,UT,84120
1050 East South Temple,Salt Lake City,UT,84102
1100 South Medical Drive,Mount Pleasant,UT,84647
1000 North Main Street,Richfield,UT,84701
1200 East 3900 South,Salt Lake City,UT,84124
750 West 800 North,Orem,UT,84059
"250 West 300 North, 75-2",Roosevelt,UT,84066
50 North Medical Drive,Salt Lake City,UT,84132
78 Medical Center Drive,Fishersville,VA,22939
1613 Oakwood Street,Bedford,VA,24523
5801 Bremo Road,Richmond,VA,23226
150 Kingsley Lane,Norfolk,VA,23505
Route 5,Grundy,VA,24614
1 Taylor Avenue,Pearisburg,VA,24134
2949 West Front Street,Richlands,VA,24641
125 Buena Vista Circle,South Hill,VA,23970
142 South Main Street,Danville,VA,24541
4320 Seminary Road,Alexandria,VA,22304
3300 Gallows Road,Falls Church,VA,22042
351 Court Street NE,Abingdon,VA,24210
West Morgan Avenue,Pennington Gap,VA,24277
1900 Electric Road,Salem,VA,24153
1001 Sam Perry Boulevard,Fredericksburg,VA,22401
320 Hospital Drive,Martinsville,VA,24112
Third Street NE,Norton,VA,24273
601 South Carlin Springs Road,Arlington,VA,22204
100 15th Street NW,Norton,VA,24273
2300 Opitz Boulevard,Woodbridge,VA,22191
101 Harris Drive,Kilmarnock,VA,22482
2621 Grove Avenue,Richmond,VA,23220
500 J Clyde Morris Boulevard,Newport News,VA,23601
7519 Hospital Drive,Gloucester,VA,23061
235 Cantrell Avenue,Harrisonburg,VA,22801
58 Carroll Street,Lebanon,VA,24266
800 Independence Boulevard,Virginia Beach,VA,23455
3000 Coliseum Drive,Hampton,VA,23666
830 Kempsville Road,Norfolk,VA,23502
600 Gresham Drive,Norfolk,VA,23507
2800 Godwin Boulevard,Suffolk,VA,23434
1060 First Colonial Road,Virginia Beach,VA,23454
301 Monticello Avenue,Williamsburg,VA,23185
565 Radio Hill Road,Marion,VA,24354
141 Ben Bolt Avenue,Tazewell,VA,24651
200 Hospital Drive,Galax,VA,24333
1840 Amherst Street,Winchester,VA,22601
17 Belmont Avenue,Brattleboro,VT,5301
Fisher Road,Barre,VT,5641
528 Washington Highway,Morrisville,VT,5661
111 Colchester Avenue,Burlington,VT,5401
44 South Main Street,Randolph,VT,5060
289 County Road,Windsor,VT,5089
189 Prouty Drive,Newport,VT,5855
133 Fairfield Street,Saint Albans,VT,5478
100 Hospital Drive East,Bennington,VT,5201
25 Ridgewood Road,Springfield,VT,5156
1201 South Miller Street,Wenatchee,WA,98801
915 Anderson Drive,Aberdeen,WA,98520
900 South Auburn Street,Kennewick,WA,99336
1321 Colby Avenue,Everett,WA,98206
835 SE Bishop Boulevard,Pullman,WA,99163
801 East Wheeler Road,Moses Lake,WA,98837
1615 Delaware Street,Longview,WA,98632
315 Martin Luther King Jr Way,Tacoma,WA,98405
225 Scholl Court,Amery,WI,54001
1818 North Meade Street,Appleton,WI,54911
2845 Greenbrier Road,Green Bay,WI,54311
W3985 County Road NN,Elkhorn,WI,53121
5000 Memorial Drive,Two Rivers,WI,54241
855 North Westhaven Drive,Oshkosh,WI,54904
10400 South 75th Street,Kenosha,WI,53142
252 McHenry Street,Burlington,WI,53105
2629 North Seventh Street,Sheboygan,WI,53083
2900 West Oklahoma Avenue,Milwaukee,WI,53215
1222 Woodland Avenue,Barron,WI,54812
744 South Webster Avenue,Green Bay,WI,54301
1969 West Hart Road,Beloit,WI,53511
225 Memorial Drive,Berlin,WI,54923
711 West Adams Street,Black River Falls,WI,54615
205 Parker Street,Boscobel,WI,53805
257 West St George Avenue,Grantsburg,WI,54840
614 Memorial Drive,Chilton,WI,53014
2025 East Newport Avenue,Milwaukee,WI,53211
2323 North Lake Drive,Milwaukee,WI,53211
13111 N Port Washington Road,Mequon,WI,53097
W180 N8085 Town Hall Road,Menomonee Falls,WI,53051
2817 New Pinery Road,Portage,WI,53901
323 South 18th Avenue,Sturgeon Bay,WI,54235
313 Stoughton Road,Edgerton,WI,53534
98 Sherry Avenue,Park Falls,WI,54552
611 East Sherman Avenue,Fort Atkinson,WI,53538
700 West Avenue South,La Crosse,WI,54601
9200 West Wisconsin Avenue,Milwaukee,WI,53226
601 Center Avenue South,Merrill,WI,54452
1900 South Avenue,La Crosse,WI,54601
11040 North State Road 77,Hayward,WI,54843
535 Hospital Road,New Richmond,WI,54017
2300 Western Avenue,Manitowoc,WI,54220
240 Maple Street,Woodruff,WI,54568
405 Stageline Road,Hudson,WI,54016
112 East Fifth Avenue,Antigo,WI,54409
1221 Whipple Street,Eau Claire,WI,54702
800 Clay Street,Darlington,WI,53530
1615 Maple Lane,Ashland,WI,54806
1000 Mineral Point Avenue,Janesville,WI,53547
500 South Oakwood Road,Oshkosh,WI,54903
202 South Park Street,Madison,WI,53715
1050 Division Street,Mauston,WI,53948
3802 West Oakwood Mall Drive,Eau Claire,WI,54701
705 East Taylor Street,Prairie Du Chien,WI,53821
2000 North Dewey Street,Reedsburg,WI,53959
933 Newbury Street,Ripon,WI,54971
1629 East Division Street,River Falls,WI,54022
900 College Avenue West,Ladysmith,WI,54848
900 West Clairemont Avenue,Eau Claire,WI,54701
2251 North Shore Drive,Rhinelander,WI,54501
611 St Joseph Avenue,Marshfield,WI,54449
900 Illinois Avenue,Stevens Point,WI,54481
309 North Bartlette Street,Shawano,WI,54166
707 14th Street,Baraboo,WI,53913
1506 South Oneida Street,Appleton,WI,54915
551 South Silverbrook Drive,West Bend,WI,53095
2661 County Highway 'I',Chippewa Falls,WI,54729
1726 Shawano Avenue,Green Bay,WI,54303
700 South Park Street,Madison,WI,53715
3100 Superior Avenue,Sheboygan,WI,53081
835 South Van Buren Street,Green Bay,WI,54307
515 22nd Avenue,Monroe,WI,53566
6308 Eighth Avenue,Kenosha,WI,53143
507 South Main Street,Viroqua,WI,54665
725 American Avenue,Waukesha,WI,53188
620 West Brown Street,Waupun,WI,53963
19333 West North Avenue,Brookfield,WI,53045
3237 South 16th Street,Milwaukee,WI,53215
5000 West Chambers Street,Milwaukee,WI,53210
